[{"model": "quiz.quiz", "pk": 1, "fields": {"name": "Тест 1", "quiz_theme": "Тест 2"}}, {"model": "quiz.question", "pk": 2, "fields": {"text": "Оцените свой уровень знаний в этой области?", "quiz": 1, "question_type": "Level Question"}}, {"model": "quiz.question", "pk": 3, "fields": {"text": "Предпочитаемый язык книги", "quiz": 1, "question_type": "Language Question"}}, {"model": "quiz.question", "pk": 4, "fields": {"text": "Желаемая цена", "quiz": 1, "question_type": "Price Question"}}, {"model": "quiz.question", "pk": 5, "fields": {"text": "Вас интересует бумажная версия (книги только на русском языке)?", "quiz": 1, "question_type": "Other"}}, {"model": "quiz.question", "pk": 6, "fields": {"text": "Сталкивались ли вы ранее с программированием? Один вариант ответа.", "quiz": 1, "question_type": "Programmed Before"}}, {"model": "quiz.question", "pk": 10, "fields": {"text": "Какой языки программирования (запросов, разметки или стилей) вам наиболее интересен?", "quiz": 1, "question_type": "Programming Language Question"}}, {"model": "quiz.question", "pk": 11, "fields": {"text": "Оцените ваш уровень знаний в выбранном ранее языке программирования, по представленной шкале измерения от 1 до 5 (где 1 означает – совсем нет знаний, а 5 – профессиональные знания)", "quiz": 1, "question_type": "Theme Question"}}, {"model": "quiz.question", "pk": 12, "fields": {"text": "Наиболее интересующая вас тема или аспект языков программирования?", "quiz": 1, "question_type": "Theme Question"}}, {"model": "quiz.question", "pk": 13, "fields": {"text": "Каким навыком из сферы компьютерной грамотности и IT вы владеете?", "quiz": 1, "question_type": "Theme Question"}}, {"model": "quiz.question", "pk": 14, "fields": {"text": "Сфера интересов (интересующая вас тема?)", "quiz": 1, "question_type": "Theme Question"}}, {"model": "quiz.question", "pk": 15, "fields": {"text": "Оцените ваш уровень владения соответствующими навыками", "quiz": 1, "question_type": "Specific Level Question"}}, {"model": "quiz.question", "pk": 16, "fields": {"text": "Какая тема вам наиболее интересна?", "quiz": 1, "question_type": "Theme for Other"}}, {"model": "quiz.question", "pk": 17, "fields": {"text": "Какими навыками аналитика вы владеете?", "quiz": 1, "question_type": "Theme Specific Question"}}, {"model": "quiz.answer", "pk": 3, "fields": {"text": "Новичок (только начинаю знакомство с этим);", "question": 2, "answer_value": "0"}}, {"model": "quiz.answer", "pk": 4, "fields": {"text": "Средний (есть базовые знания, но хотелось бы их расширить);", "question": 2, "answer_value": "1"}}, {"model": "quiz.answer", "pk": 5, "fields": {"text": "Профессионал (обладаю продвинутыми знаниями)", "question": 2, "answer_value": "2"}}, {"model": "quiz.answer", "pk": 6, "fields": {"text": "Русский", "question": 3, "answer_value": "1"}}, {"model": "quiz.answer", "pk": 7, "fields": {"text": "Английский", "question": 3, "answer_value": "2"}}, {"model": "quiz.answer", "pk": 12, "fields": {"text": "Да", "question": 5, "answer_value": "0"}}, {"model": "quiz.answer", "pk": 13, "fields": {"text": "Нет", "question": 5, "answer_value": "1"}}, {"model": "quiz.answer", "pk": 14, "fields": {"text": "До 500 руб;", "question": 4, "answer_value": "500"}}, {"model": "quiz.answer", "pk": 15, "fields": {"text": "До 1000 руб;", "question": 4, "answer_value": "1000"}}, {"model": "quiz.answer", "pk": 16, "fields": {"text": "До 2000 руб;", "question": 4, "answer_value": "2000"}}, {"model": "quiz.answer", "pk": 17, "fields": {"text": "От 2000 руб;", "question": 4, "answer_value": "100000"}}, {"model": "quiz.answer", "pk": 18, "fields": {"text": "Да", "question": 6, "answer_value": "0"}}, {"model": "quiz.answer", "pk": 19, "fields": {"text": "Нет", "question": 6, "answer_value": "1"}}, {"model": "quiz.answer", "pk": 23, "fields": {"text": "JavaScript", "question": 10, "answer_value": "JavaScript"}}, {"model": "quiz.answer", "pk": 24, "fields": {"text": "HTML - CSS", "question": 10, "answer_value": "HTMLCSS"}}, {"model": "quiz.answer", "pk": 26, "fields": {"text": "Python", "question": 10, "answer_value": "Python"}}, {"model": "quiz.answer", "pk": 27, "fields": {"text": "Java", "question": 10, "answer_value": "Java"}}, {"model": "quiz.answer", "pk": 28, "fields": {"text": "TypeScript", "question": 10, "answer_value": "TypeScript"}}, {"model": "quiz.answer", "pk": 29, "fields": {"text": "C#", "question": 10, "answer_value": "C#"}}, {"model": "quiz.answer", "pk": 30, "fields": {"text": "PHP", "question": 10, "answer_value": "PHP"}}, {"model": "quiz.answer", "pk": 31, "fields": {"text": "C/C++", "question": 10, "answer_value": "C/C++"}}, {"model": "quiz.answer", "pk": 32, "fields": {"text": "SQL", "question": 10, "answer_value": "SQL"}}, {"model": "quiz.answer", "pk": 33, "fields": {"text": "Assembler", "question": 10, "answer_value": "Assembler"}}, {"model": "quiz.answer", "pk": 34, "fields": {"text": "Bash/Powershell", "question": 10, "answer_value": "Bash/Powershell"}}, {"model": "quiz.answer", "pk": 35, "fields": {"text": "1", "question": 11, "answer_value": "1"}}, {"model": "quiz.answer", "pk": 36, "fields": {"text": "2", "question": 11, "answer_value": "2"}}, {"model": "quiz.answer", "pk": 37, "fields": {"text": "3", "question": 11, "answer_value": "3"}}, {"model": "quiz.answer", "pk": 38, "fields": {"text": "4", "question": 11, "answer_value": "4"}}, {"model": "quiz.answer", "pk": 39, "fields": {"text": "5", "question": 11, "answer_value": "5"}}, {"model": "quiz.answer", "pk": 40, "fields": {"text": "Алгоритмы и структуры данных;", "question": 12, "answer_value": "Алгоритм"}}, {"model": "quiz.answer", "pk": 41, "fields": {"text": "Библиотеки и фреймворки;", "question": 12, "answer_value": "Библиотек"}}, {"model": "quiz.answer", "pk": 42, "fields": {"text": "Синтаксис и семантика;", "question": 12, "answer_value": "Синтаксис"}}, {"model": "quiz.answer", "pk": 43, "fields": {"text": "Парадигмы программирования;", "question": 12, "answer_value": "Парадигм"}}, {"model": "quiz.answer", "pk": 44, "fields": {"text": "Отладка и тестирование;", "question": 12, "answer_value": "Тест"}}, {"model": "quiz.answer", "pk": 45, "fields": {"text": "Развертывание и поддержка;", "question": 12, "answer_value": "Развертыв"}}, {"model": "quiz.answer", "pk": 46, "fields": {"text": "Производительность и оптимизация;", "question": 12, "answer_value": "Производит"}}, {"model": "quiz.answer", "pk": 47, "fields": {"text": "Операционные системы;", "question": 13, "answer_value": "os_basic"}}, {"model": "quiz.answer", "pk": 48, "fields": {"text": "Офисные приложения (MS Office);", "question": 13, "answer_value": "office"}}, {"model": "quiz.answer", "pk": 49, "fields": {"text": "Интернет-браузеры;", "question": 13, "answer_value": "3"}}, {"model": "quiz.answer", "pk": 50, "fields": {"text": "Электронная почта;", "question": 13, "answer_value": "4"}}, {"model": "quiz.answer", "pk": 51, "fields": {"text": "Мультимедийные программы;", "question": 13, "answer_value": "5"}}, {"model": "quiz.answer", "pk": 52, "fields": {"text": "Безопасность;", "question": 13, "answer_value": "6"}}, {"model": "quiz.answer", "pk": 53, "fields": {"text": "Утилиты;", "question": 13, "answer_value": "7"}}, {"model": "quiz.answer", "pk": 54, "fields": {"text": "Аналитика", "question": 14, "answer_value": "analytics"}}, {"model": "quiz.answer", "pk": 55, "fields": {"text": "Фронтенд", "question": 14, "answer_value": "frontend"}}, {"model": "quiz.answer", "pk": 56, "fields": {"text": "Бэкенд", "question": 14, "answer_value": "backend"}}, {"model": "quiz.answer", "pk": 57, "fields": {"text": "Дизайн", "question": 14, "answer_value": "design"}}, {"model": "quiz.answer", "pk": 58, "fields": {"text": "Геймдев", "question": 14, "answer_value": "gamedev"}}, {"model": "quiz.answer", "pk": 59, "fields": {"text": "Исскуственный интеллект (AI)", "question": 14, "answer_value": "ai"}}, {"model": "quiz.answer", "pk": 60, "fields": {"text": "Наука о данных (Data Science)", "question": 14, "answer_value": "data"}}, {"model": "quiz.answer", "pk": 61, "fields": {"text": "DevOps", "question": 14, "answer_value": "devops"}}, {"model": "quiz.answer", "pk": 62, "fields": {"text": "Тестирование (QA – контроль качества программного обеспечения)", "question": 14, "answer_value": "qa"}}, {"model": "quiz.answer", "pk": 63, "fields": {"text": "Компьютерные науки (Computer Science)", "question": 14, "answer_value": "CS"}}, {"model": "quiz.answer", "pk": 64, "fields": {"text": "Другое", "question": 14, "answer_value": "OT"}}, {"model": "quiz.answer", "pk": 65, "fields": {"text": "Не интересно", "question": 10, "answer_value": "Other"}}, {"model": "quiz.answer", "pk": 66, "fields": {"text": "1", "question": 15, "answer_value": "1"}}, {"model": "quiz.answer", "pk": 67, "fields": {"text": "2", "question": 15, "answer_value": "2"}}, {"model": "quiz.answer", "pk": 68, "fields": {"text": "3", "question": 15, "answer_value": "3"}}, {"model": "quiz.answer", "pk": 69, "fields": {"text": "4", "question": 15, "answer_value": "4"}}, {"model": "quiz.answer", "pk": 70, "fields": {"text": "5", "question": 15, "answer_value": "5"}}, {"model": "quiz.answer", "pk": 71, "fields": {"text": "Аналитика", "question": 16, "answer_value": "analytics"}}, {"model": "quiz.answer", "pk": 72, "fields": {"text": "Фронтенд", "question": 16, "answer_value": "frontend"}}, {"model": "quiz.answer", "pk": 73, "fields": {"text": "Бэкенд", "question": 16, "answer_value": "backend"}}, {"model": "quiz.answer", "pk": 74, "fields": {"text": "Дизайн", "question": 16, "answer_value": "design"}}, {"model": "quiz.answer", "pk": 75, "fields": {"text": "Геймдев", "question": 16, "answer_value": "gamedev"}}, {"model": "quiz.answer", "pk": 76, "fields": {"text": "Исскуственный интеллект (AI)", "question": 16, "answer_value": "ai"}}, {"model": "quiz.answer", "pk": 77, "fields": {"text": "Наука о данных (Data Science)", "question": 16, "answer_value": "data"}}, {"model": "quiz.answer", "pk": 78, "fields": {"text": "DevOps", "question": 16, "answer_value": "devops"}}, {"model": "quiz.answer", "pk": 79, "fields": {"text": "Тестирование (QA – контроль качества программного обеспечения)", "question": 16, "answer_value": "qa"}}, {"model": "quiz.answer", "pk": 80, "fields": {"text": "Компьютерные науки (Computer Science)", "question": 16, "answer_value": "CS"}}, {"model": "quiz.answer", "pk": 81, "fields": {"text": "Другое", "question": 16, "answer_value": "OT"}}, {"model": "quiz.answer", "pk": 82, "fields": {"text": "Основы моделирования процессов", "question": 17, "answer_value": "process"}}, {"model": "quiz.answer", "pk": 83, "fields": {"text": "Анализ конкурентов", "question": 17, "answer_value": "competitor"}}, {"model": "quiz.answer", "pk": 84, "fields": {"text": "Офисные приложения (MS Office)", "question": 17, "answer_value": "office"}}, {"model": "quiz.answer", "pk": 85, "fields": {"text": "Работа с метриками", "question": 17, "answer_value": "metrics"}}, {"model": "quiz.answer", "pk": 86, "fields": {"text": "Основы баз данных", "question": 17, "answer_value": "db_base"}}, {"model": "quiz.result", "pk": 1, "fields": {"theme": "1", "level": "1", "language": "1", "price": "1", "programmed_before": "1", "prog_lang": "1", "theme_specific": "1", "level_specific": "1", "theme_other": "1", "user": 1, "quiz": 1}}, {"model": "quiz.result", "pk": 2, "fields": {"theme": "0", "level": "1", "language": "1", "price": "0", "programmed_before": "1", "prog_lang": "1", "theme_specific": "1", "level_specific": "1", "theme_other": "1", "user": 1, "quiz": 1}}, {"model": "quiz.result", "pk": 3, "fields": {"theme": "0", "level": "1", "language": "1", "price": "1000", "programmed_before": "1", "prog_lang": "1", "theme_specific": "1", "level_specific": "1", "theme_other": "1", "user": 1, "quiz": 1}}, {"model": "quiz.result", "pk": 4, "fields": {"theme": "1", "level": "1", "language": "1", "price": "1000", "programmed_before": "1", "prog_lang": "1", "theme_specific": "1", "level_specific": "1", "theme_other": "1", "user": 1, "quiz": 1}}, {"model": "quiz.result", "pk": 5, "fields": {"theme": "Алгоритм", "level": "1", "language": "", "price": "100000", "programmed_before": "0", "prog_lang": "", "theme_specific": "", "level_specific": "", "theme_other": "1", "user": 1, "quiz": 1}}, {"model": "quiz.result", "pk": 6, "fields": {"theme": "Алгоритм", "level": "1", "language": "", "price": "100000", "programmed_before": "0", "prog_lang": "Python", "theme_specific": "office", "level_specific": "2", "theme_other": "1", "user": 1, "quiz": 1}}, {"model": "quiz.result", "pk": 7, "fields": {"theme": "1", "level": "1", "language": "", "price": "100000", "programmed_before": "0", "prog_lang": "Python", "theme_specific": "office", "level_specific": "2", "theme_other": "1", "user": 1, "quiz": 1}}, {"model": "quiz.result", "pk": 8, "fields": {"theme": "analytics", "level": "1", "language": "", "price": "100000", "programmed_before": "0", "prog_lang": "Python", "theme_specific": "office", "level_specific": "2", "theme_other": "1", "user": 1, "quiz": 1}}, {"model": "quiz.result", "pk": 9, "fields": {"theme": "analytics", "level": "1", "language": "", "price": "100000", "programmed_before": "0", "prog_lang": "Python", "theme_specific": "office", "level_specific": "2", "theme_other": "1", "user": 1, "quiz": 1}}, {"model": "quiz.result", "pk": 10, "fields": {"theme": "analytics", "level": "1", "language": "", "price": "100000", "programmed_before": "0", "prog_lang": "Python", "theme_specific": "office", "level_specific": "2", "theme_other": "1", "user": 1, "quiz": 1}}, {"model": "quiz.result", "pk": 11, "fields": {"theme": "analytics", "level": "1", "language": "", "price": "100000", "programmed_before": "0", "prog_lang": "Python", "theme_specific": "office", "level_specific": "2", "theme_other": "1", "user": 1, "quiz": 1}}, {"model": "quiz.result", "pk": 12, "fields": {"theme": "analytics", "level": "1", "language": "", "price": "100000", "programmed_before": "0", "prog_lang": "Python", "theme_specific": "office", "level_specific": "2", "theme_other": "1", "user": 1, "quiz": 1}}, {"model": "quiz.result", "pk": 13, "fields": {"theme": "analytics", "level": "1", "language": "", "price": "100000", "programmed_before": "0", "prog_lang": "Python", "theme_specific": "office", "level_specific": "2", "theme_other": "1", "user": 1, "quiz": 1}}, {"model": "quiz.result", "pk": 14, "fields": {"theme": "analytics", "level": "1", "language": "", "price": "100000", "programmed_before": "0", "prog_lang": "Python", "theme_specific": "office", "level_specific": "2", "theme_other": "1", "user": 1, "quiz": 1}}, {"model": "quiz.result", "pk": 15, "fields": {"theme": "backend", "level": "1", "language": "", "price": "100000", "programmed_before": "0", "prog_lang": "Python", "theme_specific": "office", "level_specific": "2", "theme_other": "1", "user": 1, "quiz": 1}}, {"model": "quiz.result", "pk": 16, "fields": {"theme": "backend", "level": "1", "language": "", "price": "100000", "programmed_before": "0", "prog_lang": "Python", "theme_specific": "office", "level_specific": "2", "theme_other": "1", "user": 1, "quiz": 1}}, {"model": "quiz.result", "pk": 17, "fields": {"theme": "backend", "level": "1", "language": "", "price": "100000", "programmed_before": "0", "prog_lang": "Python", "theme_specific": "office", "level_specific": "2", "theme_other": "1", "user": 1, "quiz": 1}}, {"model": "quiz.result", "pk": 18, "fields": {"theme": "backend", "level": "0", "language": "", "price": "500", "programmed_before": "0", "prog_lang": "Python", "theme_specific": "office", "level_specific": "2", "theme_other": "", "user": 1, "quiz": 1}}, {"model": "quiz.result", "pk": 19, "fields": {"theme": "backend", "level": "0", "language": "", "price": "500", "programmed_before": "0", "prog_lang": "Python", "theme_specific": "office", "level_specific": "2", "theme_other": "", "user": 1, "quiz": 1}}, {"model": "quiz.roadmap", "pk": 4, "fields": {"title": "root roadmap", "user": 1, "result": 14}}, {"model": "quiz.roadmap", "pk": 5, "fields": {"title": "root roadmap", "user": 1, "result": 15}}, {"model": "quiz.roadmap", "pk": 6, "fields": {"title": "root roadmap", "user": 1, "result": 17}}, {"model": "quiz.roadmap", "pk": 8, "fields": {"title": "root roadmap", "user": 1, "result": 19}}, {"model": "quiz.roadmapnode", "pk": 1, "fields": {"roadmap": 4, "node_level": 3, "product": [39]}}, {"model": "quiz.roadmapnode", "pk": 2, "fields": {"roadmap": 4, "node_level": 2, "product": [41]}}, {"model": "quiz.roadmapnode", "pk": 3, "fields": {"roadmap": 4, "node_level": 1, "product": [60]}}, {"model": "quiz.roadmapnode", "pk": 4, "fields": {"roadmap": 5, "node_level": 4, "product": [4]}}, {"model": "quiz.roadmapnode", "pk": 5, "fields": {"roadmap": 5, "node_level": 1, "product": [27]}}, {"model": "quiz.roadmapnode", "pk": 6, "fields": {"roadmap": 5, "node_level": 3, "product": [28]}}, {"model": "quiz.roadmapnode", "pk": 7, "fields": {"roadmap": 5, "node_level": 4, "product": [29]}}, {"model": "quiz.roadmapnode", "pk": 8, "fields": {"roadmap": 5, "node_level": 5, "product": [31]}}, {"model": "quiz.roadmapnode", "pk": 9, "fields": {"roadmap": 5, "node_level": 1, "product": [32]}}, {"model": "quiz.roadmapnode", "pk": 10, "fields": {"roadmap": 5, "node_level": 3, "product": [71]}}, {"model": "quiz.roadmapnode", "pk": 11, "fields": {"roadmap": 5, "node_level": 1, "product": [78]}}, {"model": "quiz.roadmapnode", "pk": 12, "fields": {"roadmap": 5, "node_level": 4, "product": [88]}}, {"model": "quiz.roadmapnode", "pk": 13, "fields": {"roadmap": 5, "node_level": 5, "product": [99]}}, {"model": "quiz.roadmapnode", "pk": 14, "fields": {"roadmap": 6, "node_level": 4, "product": [4]}}, {"model": "quiz.roadmapnode", "pk": 15, "fields": {"roadmap": 6, "node_level": 3, "product": [28]}}, {"model": "quiz.roadmapnode", "pk": 16, "fields": {"roadmap": 6, "node_level": 4, "product": [29]}}, {"model": "quiz.roadmapnode", "pk": 17, "fields": {"roadmap": 6, "node_level": 5, "product": [31]}}, {"model": "quiz.roadmapnode", "pk": 18, "fields": {"roadmap": 6, "node_level": 3, "product": [71]}}, {"model": "quiz.roadmapnode", "pk": 19, "fields": {"roadmap": 6, "node_level": 4, "product": [88]}}, {"model": "quiz.roadmapnode", "pk": 20, "fields": {"roadmap": 6, "node_level": 5, "product": [99]}}, {"model": "quiz.roadmapnode", "pk": 90, "fields": {"roadmap": 8, "node_level": 1, "product": [27]}}, {"model": "quiz.roadmapnode", "pk": 91, "fields": {"roadmap": 8, "node_level": 3, "product": [28]}}, {"model": "quiz.roadmapnode", "pk": 92, "fields": {"roadmap": 8, "node_level": 4, "product": [29]}}, {"model": "quiz.roadmapnode", "pk": 93, "fields": {"roadmap": 8, "node_level": 5, "product": [31]}}, {"model": "quiz.roadmapnode", "pk": 94, "fields": {"roadmap": 8, "node_level": 1, "product": [32]}}, {"model": "quiz.roadmapnode", "pk": 95, "fields": {"roadmap": 8, "node_level": 4, "product": [88]}}]