[{"model": "quiz.quiz", "pk": 1, "fields": {"name": "Тест 1", "quiz_theme": "Тест 2"}}, {"model": "quiz.question", "pk": 2, "fields": {"text": "Оцените свой уровень знаний в этой области?", "quiz": 1, "question_type": "Level Question", "specific_question_type": "all"}}, {"model": "quiz.question", "pk": 3, "fields": {"text": "Предпочитаемый язык книги", "quiz": 1, "question_type": "Language Question", "specific_question_type": "all"}}, {"model": "quiz.question", "pk": 4, "fields": {"text": "Желаемая цена", "quiz": 1, "question_type": "Price Question", "specific_question_type": "all"}}, {"model": "quiz.question", "pk": 5, "fields": {"text": "Вас интересует бумажная версия (книги только на русском языке)?", "quiz": 1, "question_type": "Other", "specific_question_type": "all"}}, {"model": "quiz.question", "pk": 6, "fields": {"text": "Сталкивались ли вы ранее с программированием? Один вариант ответа.", "quiz": 1, "question_type": "Programmed Before", "specific_question_type": "all"}}, {"model": "quiz.question", "pk": 10, "fields": {"text": "Какой языки программирования (запросов, разметки или стилей) вам наиболее интересен?", "quiz": 1, "question_type": "Programming Language Question", "specific_question_type": "all"}}, {"model": "quiz.question", "pk": 11, "fields": {"text": "Оцените ваш уровень знаний в выбранном ранее языке программирования, по представленной шкале измерения от 1 до 5 (где 1 означает – совсем нет знаний, а 5 – профессиональные знания)", "quiz": 1, "question_type": "Specific Level Question", "specific_question_type": "all"}}, {"model": "quiz.question", "pk": 13, "fields": {"text": "Каким навыком из сферы компьютерной грамотности и IT вы владеете?", "quiz": 1, "question_type": "Other General", "specific_question_type": "OT"}}, {"model": "quiz.question", "pk": 14, "fields": {"text": "Сфера интересов (интересующая вас тема?)", "quiz": 1, "question_type": "Theme Question", "specific_question_type": "all"}}, {"model": "quiz.question", "pk": 15, "fields": {"text": "Оцените ваш уровень владения соответствующими навыками", "quiz": 1, "question_type": "Specific Level Question", "specific_question_type": "OT"}}, {"model": "quiz.question", "pk": 16, "fields": {"text": "Какая тема вам наиболее интересна?", "quiz": 1, "question_type": "Theme for Other", "specific_question_type": "OT"}}, {"model": "quiz.question", "pk": 17, "fields": {"text": "Какими навыками аналитика вы владеете?", "quiz": 1, "question_type": "Theme Specific Question", "specific_question_type": "analytics"}}, {"model": "quiz.question", "pk": 18, "fields": {"text": "Какими навыками бэкендера вы владеете?", "quiz": 1, "question_type": "Theme Specific Question", "specific_question_type": "backend"}}, {"model": "quiz.question", "pk": 19, "fields": {"text": "Какими навыками фронтендера вы владеете?", "quiz": 1, "question_type": "Theme Specific Question", "specific_question_type": "frontend"}}, {"model": "quiz.question", "pk": 20, "fields": {"text": "Какими навыками дизайнера вы владеете?", "quiz": 1, "question_type": "Theme Specific Question", "specific_question_type": "design"}}, {"model": "quiz.question", "pk": 21, "fields": {"text": "Какими навыками разработки игр вы владеете?", "quiz": 1, "question_type": "Theme Specific Question", "specific_question_type": "gamedev"}}, {"model": "quiz.question", "pk": 22, "fields": {"text": "Какими навыками работы с искусственным интеллектом вы владеете?", "quiz": 1, "question_type": "Theme Specific Question", "specific_question_type": "ai"}}, {"model": "quiz.question", "pk": 23, "fields": {"text": "Какими навыками Data Science вы владеете?", "quiz": 1, "question_type": "Theme Specific Question", "specific_question_type": "data"}}, {"model": "quiz.question", "pk": 24, "fields": {"text": "Какими навыками DevOps вы владеете?", "quiz": 1, "question_type": "Theme Specific Question", "specific_question_type": "devops"}}, {"model": "quiz.question", "pk": 25, "fields": {"text": "Какими навыками Тестирования вы владеете?", "quiz": 1, "question_type": "Theme Specific Question", "specific_question_type": "qa"}}, {"model": "quiz.question", "pk": 26, "fields": {"text": "Какими навыками из области Компьютерных наук вы владеете?", "quiz": 1, "question_type": "Theme Specific Question", "specific_question_type": "CS"}}, {"model": "quiz.answer", "pk": 3, "fields": {"text": "Новичок (только начинаю знакомство с этим);", "question": 2, "answer_value": "0"}}, {"model": "quiz.answer", "pk": 4, "fields": {"text": "Средний (есть базовые знания, но хотелось бы их расширить);", "question": 2, "answer_value": "1"}}, {"model": "quiz.answer", "pk": 5, "fields": {"text": "Профессионал (обладаю продвинутыми знаниями)", "question": 2, "answer_value": "2"}}, {"model": "quiz.answer", "pk": 6, "fields": {"text": "Русский", "question": 3, "answer_value": "ru"}}, {"model": "quiz.answer", "pk": 7, "fields": {"text": "Английский", "question": 3, "answer_value": "en"}}, {"model": "quiz.answer", "pk": 12, "fields": {"text": "Да", "question": 5, "answer_value": "0"}}, {"model": "quiz.answer", "pk": 13, "fields": {"text": "Нет", "question": 5, "answer_value": "1"}}, {"model": "quiz.answer", "pk": 14, "fields": {"text": "До 500 руб;", "question": 4, "answer_value": "500"}}, {"model": "quiz.answer", "pk": 15, "fields": {"text": "До 1000 руб;", "question": 4, "answer_value": "1000"}}, {"model": "quiz.answer", "pk": 16, "fields": {"text": "До 2000 руб;", "question": 4, "answer_value": "2000"}}, {"model": "quiz.answer", "pk": 17, "fields": {"text": "От 2000 руб;", "question": 4, "answer_value": "100000"}}, {"model": "quiz.answer", "pk": 18, "fields": {"text": "Да", "question": 6, "answer_value": "0"}}, {"model": "quiz.answer", "pk": 19, "fields": {"text": "Нет", "question": 6, "answer_value": "1"}}, {"model": "quiz.answer", "pk": 23, "fields": {"text": "JavaScript", "question": 10, "answer_value": "JavaScript"}}, {"model": "quiz.answer", "pk": 24, "fields": {"text": "HTML - CSS", "question": 10, "answer_value": "HTMLCSS"}}, {"model": "quiz.answer", "pk": 26, "fields": {"text": "Python", "question": 10, "answer_value": "Python"}}, {"model": "quiz.answer", "pk": 27, "fields": {"text": "Java", "question": 10, "answer_value": "Java"}}, {"model": "quiz.answer", "pk": 28, "fields": {"text": "TypeScript", "question": 10, "answer_value": "TypeScript"}}, {"model": "quiz.answer", "pk": 29, "fields": {"text": "C#", "question": 10, "answer_value": "C#"}}, {"model": "quiz.answer", "pk": 30, "fields": {"text": "PHP", "question": 10, "answer_value": "PHP"}}, {"model": "quiz.answer", "pk": 31, "fields": {"text": "C/C++", "question": 10, "answer_value": "C/C++"}}, {"model": "quiz.answer", "pk": 32, "fields": {"text": "SQL", "question": 10, "answer_value": "SQL"}}, {"model": "quiz.answer", "pk": 33, "fields": {"text": "Assembler", "question": 10, "answer_value": "Assembler"}}, {"model": "quiz.answer", "pk": 34, "fields": {"text": "Bash/Powershell", "question": 10, "answer_value": "Bash/Powershell"}}, {"model": "quiz.answer", "pk": 35, "fields": {"text": "1", "question": 11, "answer_value": "1"}}, {"model": "quiz.answer", "pk": 36, "fields": {"text": "2", "question": 11, "answer_value": "2"}}, {"model": "quiz.answer", "pk": 37, "fields": {"text": "3", "question": 11, "answer_value": "3"}}, {"model": "quiz.answer", "pk": 38, "fields": {"text": "4", "question": 11, "answer_value": "4"}}, {"model": "quiz.answer", "pk": 39, "fields": {"text": "5", "question": 11, "answer_value": "5"}}, {"model": "quiz.answer", "pk": 47, "fields": {"text": "Операционные системы;", "question": 13, "answer_value": "os_basic"}}, {"model": "quiz.answer", "pk": 48, "fields": {"text": "Офисные приложения (MS Office);", "question": 13, "answer_value": "office"}}, {"model": "quiz.answer", "pk": 49, "fields": {"text": "Интернет-браузеры;", "question": 13, "answer_value": "3"}}, {"model": "quiz.answer", "pk": 50, "fields": {"text": "Электронная почта;", "question": 13, "answer_value": "4"}}, {"model": "quiz.answer", "pk": 51, "fields": {"text": "Мультимедийные программы;", "question": 13, "answer_value": "5"}}, {"model": "quiz.answer", "pk": 52, "fields": {"text": "Безопасность;", "question": 13, "answer_value": "6"}}, {"model": "quiz.answer", "pk": 53, "fields": {"text": "Утилиты;", "question": 13, "answer_value": "7"}}, {"model": "quiz.answer", "pk": 54, "fields": {"text": "Аналитика", "question": 14, "answer_value": "analytics"}}, {"model": "quiz.answer", "pk": 55, "fields": {"text": "Фронтенд", "question": 14, "answer_value": "frontend"}}, {"model": "quiz.answer", "pk": 56, "fields": {"text": "Бэкенд", "question": 14, "answer_value": "backend"}}, {"model": "quiz.answer", "pk": 57, "fields": {"text": "Дизайн", "question": 14, "answer_value": "design"}}, {"model": "quiz.answer", "pk": 58, "fields": {"text": "Геймдев", "question": 14, "answer_value": "gamedev"}}, {"model": "quiz.answer", "pk": 59, "fields": {"text": "Исскуственный интеллект (ai)", "question": 14, "answer_value": "ai"}}, {"model": "quiz.answer", "pk": 60, "fields": {"text": "Наука о данных (Data Science)", "question": 14, "answer_value": "data"}}, {"model": "quiz.answer", "pk": 61, "fields": {"text": "DevOps", "question": 14, "answer_value": "devops"}}, {"model": "quiz.answer", "pk": 62, "fields": {"text": "Тестирование (QA – контроль качества программного обеспечения)", "question": 14, "answer_value": "qa"}}, {"model": "quiz.answer", "pk": 63, "fields": {"text": "Компьютерные науки (Computer Science)", "question": 14, "answer_value": "CS"}}, {"model": "quiz.answer", "pk": 64, "fields": {"text": "Другое", "question": 14, "answer_value": "OT"}}, {"model": "quiz.answer", "pk": 65, "fields": {"text": "Не интересно", "question": 10, "answer_value": "Other"}}, {"model": "quiz.answer", "pk": 66, "fields": {"text": "1", "question": 15, "answer_value": "1"}}, {"model": "quiz.answer", "pk": 67, "fields": {"text": "2", "question": 15, "answer_value": "2"}}, {"model": "quiz.answer", "pk": 68, "fields": {"text": "3", "question": 15, "answer_value": "3"}}, {"model": "quiz.answer", "pk": 69, "fields": {"text": "4", "question": 15, "answer_value": "4"}}, {"model": "quiz.answer", "pk": 70, "fields": {"text": "5", "question": 15, "answer_value": "5"}}, {"model": "quiz.answer", "pk": 71, "fields": {"text": "Аналитика", "question": 16, "answer_value": "analytics"}}, {"model": "quiz.answer", "pk": 72, "fields": {"text": "Фронтенд", "question": 16, "answer_value": "frontend"}}, {"model": "quiz.answer", "pk": 73, "fields": {"text": "Бэкенд", "question": 16, "answer_value": "backend"}}, {"model": "quiz.answer", "pk": 74, "fields": {"text": "Дизайн", "question": 16, "answer_value": "design"}}, {"model": "quiz.answer", "pk": 75, "fields": {"text": "Геймдев", "question": 16, "answer_value": "gamedev"}}, {"model": "quiz.answer", "pk": 76, "fields": {"text": "Исскуственный интеллект (ai)", "question": 16, "answer_value": "ai"}}, {"model": "quiz.answer", "pk": 77, "fields": {"text": "Наука о данных (Data Science)", "question": 16, "answer_value": "data"}}, {"model": "quiz.answer", "pk": 78, "fields": {"text": "DevOps", "question": 16, "answer_value": "devops"}}, {"model": "quiz.answer", "pk": 79, "fields": {"text": "Тестирование (QA – контроль качества программного обеспечения)", "question": 16, "answer_value": "qa"}}, {"model": "quiz.answer", "pk": 80, "fields": {"text": "Компьютерные науки (Computer Science)", "question": 16, "answer_value": "CS"}}, {"model": "quiz.answer", "pk": 81, "fields": {"text": "Другое", "question": 16, "answer_value": "OT"}}, {"model": "quiz.answer", "pk": 82, "fields": {"text": "Основы моделирования процессов", "question": 17, "answer_value": "process_modeling"}}, {"model": "quiz.answer", "pk": 83, "fields": {"text": "Анализ конкурентов", "question": 17, "answer_value": "competitor_analysis"}}, {"model": "quiz.answer", "pk": 84, "fields": {"text": "Офисные приложения (MS Office)", "question": 17, "answer_value": "office_apps"}}, {"model": "quiz.answer", "pk": 85, "fields": {"text": "Работа с метриками", "question": 17, "answer_value": "metrics_work"}}, {"model": "quiz.answer", "pk": 86, "fields": {"text": "Основы баз данных", "question": 17, "answer_value": "db_basics"}}, {"model": "quiz.answer", "pk": 87, "fields": {"text": "Работа с системами управления базами данных (СУБД) и язык SQL;", "question": 18, "answer_value": "backend_db"}}, {"model": "quiz.answer", "pk": 88, "fields": {"text": "Принципы работы с API;", "question": 18, "answer_value": "api_work"}}, {"model": "quiz.answer", "pk": 89, "fields": {"text": "Использование систем управлений версиями (Git, SVN и т.д.);", "question": 18, "answer_value": "source_control"}}, {"model": "quiz.answer", "pk": 90, "fields": {"text": "Знание принципов архитектуры (MVC, MVP, MVVM и т.д.);", "question": 18, "answer_value": "backend_architecture"}}, {"model": "quiz.answer", "pk": 91, "fields": {"text": "Знание принципов безопасности (шифрование, аутентификация, авторизация, защита от атак и т.д.);", "question": 18, "answer_value": "backend_security"}}, {"model": "quiz.answer", "pk": 92, "fields": {"text": "Знание принципов оптимизации производительности (кэширование, индексирование, оптимизация запросов к базе данных и т.д", "question": 18, "answer_value": "backend_optimization"}}, {"model": "quiz.answer", "pk": 93, "fields": {"text": "Умение работать в команде (навыки коммуникации, планирования, координации и совместной работы над проектом и т.д.).", "question": 18, "answer_value": "team_work"}}, {"model": "quiz.answer", "pk": 94, "fields": {"text": "Знание фреймворков и библиотек (React, Angular, Vue.js и т.д.);", "question": 19, "answer_value": "frontend_framework"}}, {"model": "quiz.answer", "pk": 95, "fields": {"text": "Знание инстурментов автоматизации (Webpack, Gulp, Grunt и т.д.);", "question": 19, "answer_value": "frontend_automatization"}}, {"model": "quiz.answer", "pk": 96, "fields": {"text": "Владение инструментами тестирования (Jest, Mocha, Jasmine и т.д.);", "question": 19, "answer_value": "frontend_testing"}}, {"model": "quiz.answer", "pk": 97, "fields": {"text": "Знание принципов верстки и дизайна;", "question": 19, "answer_value": "frontend_design"}}, {"model": "quiz.answer", "pk": 98, "fields": {"text": "Принципы работы с API;", "question": 19, "answer_value": "api_work"}}, {"model": "quiz.answer", "pk": 99, "fields": {"text": "Принципы оптимизации производительности;", "question": 19, "answer_value": "optimization"}}, {"model": "quiz.answer", "pk": 100, "fields": {"text": "Навыки работы с графическими редакторами (Photoshop, Illustrator, Figma и т.д.);", "question": 19, "answer_value": "frontend_graphic"}}, {"model": "quiz.answer", "pk": 101, "fields": {"text": "Умение работать в команде (навыки коммуникации, планирования, координации и совместной работы над проектом и т.д.).", "question": 19, "answer_value": "team_work"}}, {"model": "quiz.answer", "pk": 102, "fields": {"text": "Принципы структуры дизайна (композиция, цветовая гамма, типографика, баланс, контраст, пропорции и т.д.);", "question": 20, "answer_value": "design_principal"}}, {"model": "quiz.answer", "pk": 103, "fields": {"text": "Дизайнерские инструменты (Adobe Photoshop, Adobe Illustrator, Adobe InDesign, Figma, Sketch и т.д.);", "question": 20, "answer_value": "design_tools"}}, {"model": "quiz.answer", "pk": 104, "fields": {"text": "Принципы пользовательского интерфейса (UI) и пользовательского опыта (UX) (навигация, интерактивность, отзывчивость, дос", "question": 20, "answer_value": "design_ui"}}, {"model": "quiz.answer", "pk": 105, "fields": {"text": "Принципов брендинга (логотип, корпоративный стиль, визуальная идентичность и т.д.);", "question": 20, "answer_value": "design_brand"}}, {"model": "quiz.answer", "pk": 106, "fields": {"text": "Принципы верстки (HTML, CSS, JavaScript и т.д.);", "question": 20, "answer_value": "desing_frontend"}}, {"model": "quiz.answer", "pk": 107, "fields": {"text": "Принципы адаптивного дизайна (дизайн для различных устройств и размеров экрана и т.д.);", "question": 20, "answer_value": "design_adapt"}}, {"model": "quiz.answer", "pk": 108, "fields": {"text": "Визуализация данных (инфографика, диаграммы, графики и т.д.);", "question": 20, "answer_value": "design_visualization"}}, {"model": "quiz.answer", "pk": 109, "fields": {"text": "Принципы работы с изображениями (растровая и векторная графика, оптимизация изображений, цветовая коррекция и т.д.);", "question": 20, "answer_value": "design_images"}}, {"model": "quiz.answer", "pk": 110, "fields": {"text": "Умение работать в команде (навыки коммуникации, планирования, координации и совместной работы над проектом и т.д.).", "question": 20, "answer_value": "team_work"}}, {"model": "quiz.answer", "pk": 111, "fields": {"text": "Работа с игровыми движками (Unity, Unreal Engine, CryEngine, Godot и т.д.);", "question": 21, "answer_value": "gamedev_engines"}}, {"model": "quiz.answer", "pk": 112, "fields": {"text": "Принципы игрового дизайна (геймплей, механика, уровни, сюжет, персонажи и т.д.);", "question": 21, "answer_value": "gamedev_design"}}, {"model": "quiz.answer", "pk": 113, "fields": {"text": "Принципы графического дизайна (моделирование, текстурирование, анимация, визуальные эффекты и т.д.);", "question": 21, "answer_value": "gamedev_graphics"}}, {"model": "quiz.answer", "pk": 114, "fields": {"text": "Звуковой дизайн (музыка, звуковые эффекты, озвучивание и т.д.);", "question": 21, "answer_value": "gamedev_sound"}}, {"model": "quiz.answer", "pk": 115, "fields": {"text": "Знание принципов физики и математики (физика движка, математическое моделирование, алгоритмы и т.д.);", "question": 21, "answer_value": "gamedev_physics"}}, {"model": "quiz.answer", "pk": 116, "fields": {"text": "Знание принципов оптимизации (оптимизация кода, оптимизация графики, оптимизация памяти и т.д.);", "question": 21, "answer_value": "gamedev_optimisation"}}, {"model": "quiz.answer", "pk": 117, "fields": {"text": "Знание принципов тестирования (отладка, тестирование, отзывы пользователей и т.д.);", "question": 21, "answer_value": "gamedev_test"}}, {"model": "quiz.answer", "pk": 118, "fields": {"text": "Умение работать в команде (навыки коммуникации, планирования, координации и совместной работы над проектом и т.д.).", "question": 21, "answer_value": "team_work"}}, {"model": "quiz.answer", "pk": 119, "fields": {"text": "Знания математики (линейная алгебра, теория вероятности и статистика, дифференциальные уравнения и т.д.);", "question": 22, "answer_value": "math_knowledge"}}, {"model": "quiz.answer", "pk": 120, "fields": {"text": "Методы машинного обучения (нейронные сети, классификация, регрессия, кластеризация и т.д.);", "question": 22, "answer_value": "machine_learning"}}, {"model": "quiz.answer", "pk": 121, "fields": {"text": "Принципы глубокого обучения (сверточные нейронные сети, повторяющиеся нейронные сети, генеративные состязательные сети)", "question": 22, "answer_value": "deep_learning"}}, {"model": "quiz.answer", "pk": 122, "fields": {"text": "Знание естественного языкового процессинга (обработка текста, разметка текста, синтаксический анализ и т.д.)", "question": 22, "answer_value": "natural_language"}}, {"model": "quiz.answer", "pk": 123, "fields": {"text": "Компьютерное зрения (распознавание образов, сегментация изображений, обнаружение объектов и т.д.);", "question": 22, "answer_value": "computer_vision"}}, {"model": "quiz.answer", "pk": 124, "fields": {"text": "Основы баз данных и диалект SQL;", "question": 22, "answer_value": "db_basics"}}, {"model": "quiz.answer", "pk": 125, "fields": {"text": "Знание принципов оптимизации (оптимизация кода, оптимизация моделей, оптимизация алгоритмов и т.д.);", "question": 22, "answer_value": "optimization"}}, {"model": "quiz.answer", "pk": 126, "fields": {"text": "Умение работать в команде (навыки коммуникации, планирования, координации и совместной работы над проектом и т.д.).", "question": 22, "answer_value": "team_work"}}, {"model": "quiz.answer", "pk": 127, "fields": {"text": "Знания математики (линейная алгебра, теория вероятности и статистика, дифференциальные уравнения и т.д.);", "question": 23, "answer_value": "math_knowledge"}}, {"model": "quiz.answer", "pk": 128, "fields": {"text": "Методы машинного обучения (нейронные сети, классификация, регрессия, кластеризация и т.д.);", "question": 23, "answer_value": "machine_learning"}}, {"model": "quiz.answer", "pk": 129, "fields": {"text": "Визуализация данных (Matplotlib, Seaborn, Tableau, Power BI и т.д.);", "question": 23, "answer_value": "datascience_visualization"}}, {"model": "quiz.answer", "pk": 130, "fields": {"text": "Знание инструментов обработки данных (Pandas, NumPy, SciPy, Scikit-learn и т.д.);", "question": 23, "answer_value": "datascience_work"}}, {"model": "quiz.answer", "pk": 131, "fields": {"text": "Основы баз данных и диалект SQL;", "question": 23, "answer_value": "db_basics"}}, {"model": "quiz.answer", "pk": 132, "fields": {"text": "Знание принципов оптимизации (оптимизация кода, оптимизация моделей, оптимизация алгоритмов и т.д.);", "question": 23, "answer_value": "optimization"}}, {"model": "quiz.answer", "pk": 133, "fields": {"text": "Принципы работы с большими данными (распределенные вычисления, обработка потоков данных, масштабируемость и т.д.);", "question": 23, "answer_value": "datascience_bigdata"}}, {"model": "quiz.answer", "pk": 134, "fields": {"text": "Умение работать в команде (навыки коммуникации, планирования, координации и совместной работы над проектом и т.д.).", "question": 23, "answer_value": "team_work"}}, {"model": "quiz.answer", "pk": 135, "fields": {"text": "Инструменты автоматизации (Ansible, Chef, Puppet, Terraform и т.д.);", "question": 24, "answer_value": "devops_automatization"}}, {"model": "quiz.answer", "pk": 136, "fields": {"text": "Системы управления версиями (Git, SVN и т.д.);", "question": 24, "answer_value": "source_control"}}, {"model": "quiz.answer", "pk": 137, "fields": {"text": "Методы контейнеризации (Docker, Kubernetes и т.д.);", "question": 24, "answer_value": "devops_container"}}, {"model": "quiz.answer", "pk": 138, "fields": {"text": "Облачные технологий (Amazon Web Services (AWS), Microsoft Azure, Google Cloud Platform (GCP) и т.д.);", "question": 24, "answer_value": "devops_cloud"}}, {"model": "quiz.answer", "pk": 139, "fields": {"text": "Системы мониторинга (Nagios, Zabbix, Prometheus, Grafana и т.д.);", "question": 24, "answer_value": "devops_monitor"}}, {"model": "quiz.answer", "pk": 140, "fields": {"text": "Системы непрерывной интеграции и непрерывного развертывания - CI/CD (Jenkins, Travis CI, CircleCI, GitLab CI и т.д.);", "question": 24, "answer_value": "devops_integration"}}, {"model": "quiz.answer", "pk": 141, "fields": {"text": "Знание принципов безопасности (шифрование, аутентификация, авторизация, управление доступом и т.д.);", "question": 24, "answer_value": "devops_security"}}, {"model": "quiz.answer", "pk": 142, "fields": {"text": "Основы баз данных и диалект SQL;", "question": 24, "answer_value": "db_basics"}}, {"model": "quiz.answer", "pk": 143, "fields": {"text": "Умение работать в команде (навыки коммуникации, планирования, координации и совместной работы над проектом и т.д.).", "question": 24, "answer_value": "team_work"}}, {"model": "quiz.answer", "pk": 144, "fields": {"text": "Владение методологиями тестирования (черный ящик, белый ящик, серый ящик, функциональное тестирование и т.д.);", "question": 25, "answer_value": "testing_methods"}}, {"model": "quiz.answer", "pk": 145, "fields": {"text": "Инструменты автоматизации тестирования (Selenium, Appium, TestComplete, Ranorex, JMeter и т.д.);", "question": 25, "answer_value": "testing_automatization"}}, {"model": "quiz.answer", "pk": 146, "fields": {"text": "Системы управления версиями (Git, SVN, Mercurial и т.д.);", "question": 25, "answer_value": "source_control"}}, {"model": "quiz.answer", "pk": 147, "fields": {"text": "Системы отслеживания ошибок (Jira, Bugzilla, Redmine и т.д.);", "question": 25, "answer_value": "testing_tracking"}}, {"model": "quiz.answer", "pk": 148, "fields": {"text": "Методологии разработки программного обеспечения (Agile, Scrum, Waterfall и т.д.);", "question": 25, "answer_value": "developement_methods"}}, {"model": "quiz.answer", "pk": 149, "fields": {"text": "Принципов работы с базами данных (SQL, NoSQL, Oracle, MySQL и т.д.);", "question": 25, "answer_value": "db_advanced"}}, {"model": "quiz.answer", "pk": 150, "fields": {"text": "Принципов работы с сетями и протоколами (HTTP, HTTPS, TCP/IP, FTP и т.д.);", "question": 25, "answer_value": "networks_protocols"}}, {"model": "quiz.answer", "pk": 151, "fields": {"text": "Принципов работы с операционными системами (Windows, Linux, MacOS и т.д.);", "question": 25, "answer_value": "os_basic"}}, {"model": "quiz.answer", "pk": 152, "fields": {"text": "Умение работать в команде (навыки коммуникации, планирования, координации и совместной работы над проектом и т.д.).", "question": 25, "answer_value": "team_work"}}, {"model": "quiz.answer", "pk": 153, "fields": {"text": "Принципы работы операционных систем (Windows, Linux, MacOS и т.д);", "question": 26, "answer_value": "os_basic"}}, {"model": "quiz.answer", "pk": 154, "fields": {"text": "Алгоритмы и структуры данных (алгоритмы сортировки, поиска, оптимизации, структуры данных и тд);", "question": 26, "answer_value": "cs_algoritm"}}, {"model": "quiz.answer", "pk": 155, "fields": {"text": "Принципы работы с сетями и протоколами (HTTP, HTTPS, TCP/IP, FTP и т.д.);", "question": 26, "answer_value": "networks_protocols"}}, {"model": "quiz.answer", "pk": 156, "fields": {"text": "Принципы работы с базами данных (SQL, NoSQL, Oracle, MySQL и т.д.);", "question": 26, "answer_value": "db_advanced"}}, {"model": "quiz.answer", "pk": 157, "fields": {"text": "Архитектура компьютерных систем (процессоры, память, ввод-вывод, сети и т.д.);", "question": 26, "answer_value": "cs_architecture"}}, {"model": "quiz.answer", "pk": 158, "fields": {"text": "Математические методы в компьютерных науках (дискретная математика, линейная алгебра, теория вероятностей и т.д.)", "question": 26, "answer_value": "cs_math"}}, {"model": "quiz.answer", "pk": 159, "fields": {"text": "Методологии разработки программного обеспечения (Agile, Scrum, Waterfall и т.д.);", "question": 26, "answer_value": "developement_methods"}}, {"model": "quiz.answer", "pk": 160, "fields": {"text": "Инструменты разработки программного обеспечения (IDE, отладчики, профайлеры, системы управления версиями и т.д.);", "question": 26, "answer_value": "cs_tools"}}, {"model": "quiz.answer", "pk": 161, "fields": {"text": "Умение работать в команде (навыки коммуникации, планирования, координации и совместной работы над проектом и т.д.).", "question": 26, "answer_value": "team_work"}}, {"model": "quiz.answer", "pk": 162, "fields": {"text": "Испанский", "question": 3, "answer_value": "es"}}, {"model": "quiz.answer", "pk": 163, "fields": {"text": "Французский", "question": 3, "answer_value": "fr"}}, {"model": "quiz.answer", "pk": 164, "fields": {"text": "Китайский", "question": 3, "answer_value": "zh"}}, {"model": "quiz.answer", "pk": 165, "fields": {"text": "Немецкий", "question": 3, "answer_value": "de"}}, {"model": "quiz.answer", "pk": 166, "fields": {"text": "Японский", "question": 3, "answer_value": "ja"}}, {"model": "quiz.result", "pk": 1, "fields": {"theme": "1", "level": "1", "language": "1", "price": "1", "programmed_before": "1", "prog_lang": "1", "theme_specific": "1", "level_specific": "1", "theme_other": "1", "user": 1, "quiz": 1}}, {"model": "quiz.result", "pk": 2, "fields": {"theme": "0", "level": "1", "language": "1", "price": "0", "programmed_before": "1", "prog_lang": "1", "theme_specific": "1", "level_specific": "1", "theme_other": "1", "user": 1, "quiz": 1}}, {"model": "quiz.result", "pk": 3, "fields": {"theme": "0", "level": "1", "language": "1", "price": "1000", "programmed_before": "1", "prog_lang": "1", "theme_specific": "1", "level_specific": "1", "theme_other": "1", "user": 1, "quiz": 1}}, {"model": "quiz.result", "pk": 4, "fields": {"theme": "1", "level": "1", "language": "1", "price": "1000", "programmed_before": "1", "prog_lang": "1", "theme_specific": "1", "level_specific": "1", "theme_other": "1", "user": 1, "quiz": 1}}, {"model": "quiz.result", "pk": 5, "fields": {"theme": "Алгоритм", "level": "1", "language": "", "price": "100000", "programmed_before": "0", "prog_lang": "", "theme_specific": "", "level_specific": "", "theme_other": "1", "user": 1, "quiz": 1}}, {"model": "quiz.result", "pk": 6, "fields": {"theme": "Алгоритм", "level": "1", "language": "", "price": "100000", "programmed_before": "0", "prog_lang": "Python", "theme_specific": "office", "level_specific": "2", "theme_other": "1", "user": 1, "quiz": 1}}, {"model": "quiz.result", "pk": 7, "fields": {"theme": "1", "level": "1", "language": "", "price": "100000", "programmed_before": "0", "prog_lang": "Python", "theme_specific": "office", "level_specific": "2", "theme_other": "1", "user": 1, "quiz": 1}}, {"model": "quiz.result", "pk": 8, "fields": {"theme": "analytics", "level": "1", "language": "", "price": "100000", "programmed_before": "0", "prog_lang": "Python", "theme_specific": "office", "level_specific": "2", "theme_other": "1", "user": 1, "quiz": 1}}, {"model": "quiz.result", "pk": 9, "fields": {"theme": "analytics", "level": "1", "language": "", "price": "100000", "programmed_before": "0", "prog_lang": "Python", "theme_specific": "office", "level_specific": "2", "theme_other": "1", "user": 1, "quiz": 1}}, {"model": "quiz.result", "pk": 10, "fields": {"theme": "analytics", "level": "1", "language": "", "price": "100000", "programmed_before": "0", "prog_lang": "Python", "theme_specific": "office", "level_specific": "2", "theme_other": "1", "user": 1, "quiz": 1}}, {"model": "quiz.result", "pk": 11, "fields": {"theme": "analytics", "level": "1", "language": "", "price": "100000", "programmed_before": "0", "prog_lang": "Python", "theme_specific": "office", "level_specific": "2", "theme_other": "1", "user": 1, "quiz": 1}}, {"model": "quiz.result", "pk": 12, "fields": {"theme": "analytics", "level": "1", "language": "", "price": "100000", "programmed_before": "0", "prog_lang": "Python", "theme_specific": "office", "level_specific": "2", "theme_other": "1", "user": 1, "quiz": 1}}, {"model": "quiz.result", "pk": 13, "fields": {"theme": "analytics", "level": "1", "language": "", "price": "100000", "programmed_before": "0", "prog_lang": "Python", "theme_specific": "office", "level_specific": "2", "theme_other": "1", "user": 1, "quiz": 1}}, {"model": "quiz.result", "pk": 14, "fields": {"theme": "analytics", "level": "1", "language": "", "price": "100000", "programmed_before": "0", "prog_lang": "Python", "theme_specific": "office", "level_specific": "2", "theme_other": "1", "user": 1, "quiz": 1}}, {"model": "quiz.result", "pk": 15, "fields": {"theme": "backend", "level": "1", "language": "", "price": "100000", "programmed_before": "0", "prog_lang": "Python", "theme_specific": "office", "level_specific": "2", "theme_other": "1", "user": 1, "quiz": 1}}, {"model": "quiz.result", "pk": 16, "fields": {"theme": "backend", "level": "1", "language": "", "price": "100000", "programmed_before": "0", "prog_lang": "Python", "theme_specific": "office", "level_specific": "2", "theme_other": "1", "user": 1, "quiz": 1}}, {"model": "quiz.result", "pk": 17, "fields": {"theme": "backend", "level": "1", "language": "", "price": "100000", "programmed_before": "0", "prog_lang": "Python", "theme_specific": "office", "level_specific": "2", "theme_other": "1", "user": 1, "quiz": 1}}, {"model": "quiz.result", "pk": 18, "fields": {"theme": "backend", "level": "0", "language": "", "price": "500", "programmed_before": "0", "prog_lang": "Python", "theme_specific": "office", "level_specific": "2", "theme_other": "", "user": 1, "quiz": 1}}, {"model": "quiz.result", "pk": 19, "fields": {"theme": "backend", "level": "0", "language": "", "price": "500", "programmed_before": "0", "prog_lang": "Python", "theme_specific": "office", "level_specific": "2", "theme_other": "", "user": 1, "quiz": 1}}, {"model": "quiz.result", "pk": 20, "fields": {"theme": "backend", "level": "0", "language": "", "price": "100000", "programmed_before": "0", "prog_lang": "Python", "theme_specific": "", "level_specific": "", "theme_other": "", "user": 1, "quiz": 1}}, {"model": "quiz.result", "pk": 21, "fields": {"theme": "backend", "level": "0", "language": "", "price": "500", "programmed_before": "0", "prog_lang": "Python", "theme_specific": "", "level_specific": "", "theme_other": "", "user": 1, "quiz": 1}}, {"model": "quiz.result", "pk": 22, "fields": {"theme": "analytics", "level": "0", "language": "", "price": "500", "programmed_before": "0", "prog_lang": "Python", "theme_specific": "", "level_specific": "", "theme_other": "", "user": 1, "quiz": 1}}, {"model": "quiz.result", "pk": 23, "fields": {"theme": "backend", "level": "0", "language": "", "price": "100000", "programmed_before": "0", "prog_lang": "Python", "theme_specific": "", "level_specific": "", "theme_other": "", "user": 1, "quiz": 1}}, {"model": "quiz.result", "pk": 24, "fields": {"theme": "backend", "level": "0", "language": "2", "price": "100000", "programmed_before": "0", "prog_lang": "JavaScript", "theme_specific": "process", "level_specific": "", "theme_other": "", "user": 1, "quiz": 1}}, {"model": "quiz.result", "pk": 25, "fields": {"theme": "backend", "level": "0", "language": "2", "price": "100000", "programmed_before": "0", "prog_lang": "JavaScript", "theme_specific": "process", "level_specific": "", "theme_other": "", "user": 1, "quiz": 1}}, {"model": "quiz.result", "pk": 26, "fields": {"theme": "backend", "level": "0", "language": "2", "price": "100000", "programmed_before": "0", "prog_lang": "JavaScript", "theme_specific": "process", "level_specific": "", "theme_other": "", "user": 1, "quiz": 1}}, {"model": "quiz.result", "pk": 27, "fields": {"theme": "backend", "level": "0", "language": "2", "price": "100000", "programmed_before": "0", "prog_lang": "JavaScript", "theme_specific": "", "level_specific": "", "theme_other": "", "user": 1, "quiz": 1}}, {"model": "quiz.result", "pk": 28, "fields": {"theme": "", "level": "0", "language": "2", "price": "100000", "programmed_before": "0", "prog_lang": "", "theme_specific": "", "level_specific": "", "theme_other": "", "user": 1, "quiz": 1}}, {"model": "quiz.result", "pk": 29, "fields": {"theme": "backend", "level": "0", "language": "", "price": "100000", "programmed_before": "0", "prog_lang": "JavaScript", "theme_specific": "process", "level_specific": "", "theme_other": "", "user": 1, "quiz": 1}}, {"model": "quiz.result", "pk": 30, "fields": {"theme": "backend", "level": "0", "language": "", "price": "100000", "programmed_before": "0", "prog_lang": "JavaScript", "theme_specific": "", "level_specific": "", "theme_other": "", "user": 1, "quiz": 1}}, {"model": "quiz.result", "pk": 31, "fields": {"theme": "backend", "level": "0", "language": "", "price": "100000", "programmed_before": "0", "prog_lang": "", "theme_specific": "", "level_specific": "", "theme_other": "", "user": 1, "quiz": 1}}, {"model": "quiz.result", "pk": 32, "fields": {"theme": "backend", "level": "0", "language": "2", "price": "100000", "programmed_before": "0", "prog_lang": "JavaScript", "theme_specific": "process", "level_specific": "", "theme_other": "", "user": 1, "quiz": 1}}, {"model": "quiz.result", "pk": 33, "fields": {"theme": "backend", "level": "0", "language": "2", "price": "100000", "programmed_before": "0", "prog_lang": "JavaScript", "theme_specific": "process_modeling", "level_specific": "", "theme_other": "", "user": 1, "quiz": 1}}, {"model": "quiz.result", "pk": 34, "fields": {"theme": "backend", "level": "0", "language": "2", "price": "100000", "programmed_before": "0", "prog_lang": "JavaScript", "theme_specific": "process_modeling", "level_specific": "", "theme_other": "", "user": 1, "quiz": 1}}, {"model": "quiz.result", "pk": 35, "fields": {"theme": "backend", "level": "0", "language": "2", "price": "100000", "programmed_before": "0", "prog_lang": "JavaScript", "theme_specific": "process_modeling", "level_specific": "", "theme_other": "", "user": 1, "quiz": 1}}, {"model": "quiz.result", "pk": 36, "fields": {"theme": "analytics", "level": "0", "language": "2", "price": "100000", "programmed_before": "0", "prog_lang": "JavaScript", "theme_specific": "process_modeling", "level_specific": "", "theme_other": "", "user": 1, "quiz": 1}}, {"model": "quiz.result", "pk": 37, "fields": {"theme": "analytics", "level": "0", "language": "2", "price": "100000", "programmed_before": "0", "prog_lang": "JavaScript", "theme_specific": "process_modeling", "level_specific": "", "theme_other": "", "user": 1, "quiz": 1}}, {"model": "quiz.result", "pk": 38, "fields": {"theme": "analytics", "level": "0", "language": "2", "price": "100000", "programmed_before": "0", "prog_lang": "JavaScript", "theme_specific": "process_modeling", "level_specific": "", "theme_other": "", "user": 1, "quiz": 1}}, {"model": "quiz.result", "pk": 39, "fields": {"theme": "analytics", "level": "0", "language": "2", "price": "100000", "programmed_before": "0", "prog_lang": "JavaScript", "theme_specific": "api_work", "level_specific": "", "theme_other": "", "user": 1, "quiz": 1}}, {"model": "quiz.result", "pk": 40, "fields": {"theme": "analytics", "level": "0", "language": "2", "price": "100000", "programmed_before": "0", "prog_lang": "Python", "theme_specific": "api_work", "level_specific": "", "theme_other": "", "user": 1, "quiz": 1}}, {"model": "quiz.result", "pk": 41, "fields": {"theme": "backend", "level": "0", "language": "2", "price": "100000", "programmed_before": "0", "prog_lang": "Python", "theme_specific": "api_work", "level_specific": "", "theme_other": "", "user": 1, "quiz": 1}}, {"model": "quiz.result", "pk": 42, "fields": {"theme": "analytics", "level": "0", "language": "2", "price": "100000", "programmed_before": "0", "prog_lang": "Python", "theme_specific": "api_work", "level_specific": "", "theme_other": "", "user": 1, "quiz": 1}}, {"model": "quiz.result", "pk": 43, "fields": {"theme": "backend", "level": "0", "language": "2", "price": "100000", "programmed_before": "0", "prog_lang": "Python", "theme_specific": "api_work", "level_specific": "", "theme_other": "", "user": 1, "quiz": 1}}, {"model": "quiz.result", "pk": 44, "fields": {"theme": "backend", "level": "0", "language": "en", "price": "100000", "programmed_before": "0", "prog_lang": "Python", "theme_specific": "api_work", "level_specific": "", "theme_other": "", "user": 1, "quiz": 1}}, {"model": "quiz.result", "pk": 45, "fields": {"theme": "backend", "level": "0", "language": "de", "price": "100000", "programmed_before": "0", "prog_lang": "Python", "theme_specific": "api_work", "level_specific": "", "theme_other": "", "user": 1, "quiz": 1}}, {"model": "quiz.result", "pk": 46, "fields": {"theme": "backend", "level": "0", "language": "", "price": "500", "programmed_before": "0", "prog_lang": "Python", "theme_specific": "", "level_specific": "", "theme_other": "", "user": 1, "quiz": 1}}, {"model": "quiz.result", "pk": 47, "fields": {"theme": "backend", "level": "0", "language": "", "price": "100000", "programmed_before": "0", "prog_lang": "Python", "theme_specific": "", "level_specific": "", "theme_other": "", "user": 1, "quiz": 1}}, {"model": "quiz.result", "pk": 48, "fields": {"theme": "backend", "level": "1", "language": "", "price": "100000", "programmed_before": "0", "prog_lang": "Python", "theme_specific": "backend_db", "level_specific": "2", "theme_other": "", "user": 1, "quiz": 1}}, {"model": "quiz.result", "pk": 49, "fields": {"theme": "backend", "level": "0", "language": "", "price": "100000", "programmed_before": "0", "prog_lang": "Python", "theme_specific": "", "level_specific": "", "theme_other": "", "user": 1, "quiz": 1}}, {"model": "quiz.result", "pk": 50, "fields": {"theme": "backend", "level": "0", "language": "", "price": "10000", "programmed_before": "", "prog_lang": "", "theme_specific": "", "level_specific": "", "theme_other": "", "user": 1, "quiz": 1}}, {"model": "quiz.result", "pk": 51, "fields": {"theme": "backend", "level": "0", "language": "", "price": "10000", "programmed_before": "", "prog_lang": "", "theme_specific": "", "level_specific": "", "theme_other": "", "user": 1, "quiz": 1}}, {"model": "quiz.result", "pk": 52, "fields": {"theme": "backend", "level": "0", "language": "en", "price": "100000", "programmed_before": "0", "prog_lang": "Python", "theme_specific": "api_work", "level_specific": "", "theme_other": "", "user": 1, "quiz": 1}}, {"model": "quiz.roadmap", "pk": 4, "fields": {"title": "root roadmap", "user": 1, "result": 14}}, {"model": "quiz.roadmap", "pk": 6, "fields": {"title": "root roadmap", "user": 1, "result": 17}}, {"model": "quiz.roadmap", "pk": 10, "fields": {"title": "root roadmap", "user": 1, "result": 21}}, {"model": "quiz.roadmap", "pk": 11, "fields": {"title": "root roadmap", "user": 1, "result": 22}}, {"model": "quiz.roadmap", "pk": 12, "fields": {"title": "root roadmap", "user": 1, "result": 23}}, {"model": "quiz.roadmap", "pk": 13, "fields": {"title": "root roadmap", "user": 1, "result": 24}}, {"model": "quiz.roadmap", "pk": 14, "fields": {"title": "root roadmap", "user": 1, "result": 25}}, {"model": "quiz.roadmap", "pk": 15, "fields": {"title": "root roadmap", "user": 1, "result": 26}}, {"model": "quiz.roadmap", "pk": 16, "fields": {"title": "root roadmap", "user": 1, "result": 27}}, {"model": "quiz.roadmap", "pk": 17, "fields": {"title": "root roadmap", "user": 1, "result": 28}}, {"model": "quiz.roadmap", "pk": 18, "fields": {"title": "root roadmap", "user": 1, "result": 29}}, {"model": "quiz.roadmap", "pk": 19, "fields": {"title": "root roadmap", "user": 1, "result": 30}}, {"model": "quiz.roadmap", "pk": 20, "fields": {"title": "root roadmap", "user": 1, "result": 31}}, {"model": "quiz.roadmap", "pk": 21, "fields": {"title": "root roadmap", "user": 1, "result": 32}}, {"model": "quiz.roadmap", "pk": 22, "fields": {"title": "root roadmap", "user": 1, "result": 33}}, {"model": "quiz.roadmap", "pk": 23, "fields": {"title": "root roadmap", "user": 1, "result": 34}}, {"model": "quiz.roadmap", "pk": 24, "fields": {"title": "root roadmap", "user": 1, "result": 35}}, {"model": "quiz.roadmap", "pk": 25, "fields": {"title": "root roadmap", "user": 1, "result": 36}}, {"model": "quiz.roadmap", "pk": 26, "fields": {"title": "root roadmap", "user": 1, "result": 37}}, {"model": "quiz.roadmap", "pk": 27, "fields": {"title": "root roadmap", "user": 1, "result": 38}}, {"model": "quiz.roadmap", "pk": 28, "fields": {"title": "root roadmap", "user": 1, "result": 39}}, {"model": "quiz.roadmap", "pk": 29, "fields": {"title": "root roadmap", "user": 1, "result": 40}}, {"model": "quiz.roadmap", "pk": 30, "fields": {"title": "root roadmap", "user": 1, "result": 41}}, {"model": "quiz.roadmap", "pk": 31, "fields": {"title": "root roadmap", "user": 1, "result": 42}}, {"model": "quiz.roadmap", "pk": 32, "fields": {"title": "root roadmap", "user": 1, "result": 43}}, {"model": "quiz.roadmap", "pk": 33, "fields": {"title": "root roadmap", "user": 1, "result": 44}}, {"model": "quiz.roadmap", "pk": 34, "fields": {"title": "root roadmap", "user": 1, "result": 45}}, {"model": "quiz.roadmap", "pk": 35, "fields": {"title": "root roadmap", "user": 1, "result": 46}}, {"model": "quiz.roadmap", "pk": 36, "fields": {"title": "root roadmap", "user": 1, "result": 47}}, {"model": "quiz.roadmap", "pk": 37, "fields": {"title": "root roadmap", "user": 1, "result": 48}}, {"model": "quiz.roadmap", "pk": 38, "fields": {"title": "root roadmap", "user": 1, "result": 49}}, {"model": "quiz.roadmap", "pk": 39, "fields": {"title": "root roadmap", "user": 1, "result": 50}}, {"model": "quiz.roadmap", "pk": 40, "fields": {"title": "root roadmap", "user": 1, "result": 51}}, {"model": "quiz.roadmap", "pk": 41, "fields": {"title": "root roadmap", "user": 1, "result": 52}}, {"model": "quiz.roadmapnode", "pk": 1, "fields": {"roadmap": 4, "node_level": 3, "product": []}}, {"model": "quiz.roadmapnode", "pk": 2, "fields": {"roadmap": 4, "node_level": 2, "product": []}}, {"model": "quiz.roadmapnode", "pk": 3, "fields": {"roadmap": 4, "node_level": 1, "product": []}}, {"model": "quiz.roadmapnode", "pk": 14, "fields": {"roadmap": 6, "node_level": 4, "product": []}}, {"model": "quiz.roadmapnode", "pk": 15, "fields": {"roadmap": 6, "node_level": 3, "product": []}}, {"model": "quiz.roadmapnode", "pk": 16, "fields": {"roadmap": 6, "node_level": 4, "product": []}}, {"model": "quiz.roadmapnode", "pk": 17, "fields": {"roadmap": 6, "node_level": 5, "product": []}}, {"model": "quiz.roadmapnode", "pk": 18, "fields": {"roadmap": 6, "node_level": 3, "product": []}}, {"model": "quiz.roadmapnode", "pk": 19, "fields": {"roadmap": 6, "node_level": 4, "product": []}}, {"model": "quiz.roadmapnode", "pk": 20, "fields": {"roadmap": 6, "node_level": 5, "product": []}}, {"model": "quiz.roadmapnode", "pk": 106, "fields": {"roadmap": 10, "node_level": 1, "product": []}}, {"model": "quiz.roadmapnode", "pk": 107, "fields": {"roadmap": 10, "node_level": 3, "product": []}}, {"model": "quiz.roadmapnode", "pk": 108, "fields": {"roadmap": 10, "node_level": 4, "product": []}}, {"model": "quiz.roadmapnode", "pk": 109, "fields": {"roadmap": 10, "node_level": 5, "product": []}}, {"model": "quiz.roadmapnode", "pk": 110, "fields": {"roadmap": 10, "node_level": 1, "product": []}}, {"model": "quiz.roadmapnode", "pk": 111, "fields": {"roadmap": 10, "node_level": 4, "product": []}}, {"model": "quiz.roadmapnode", "pk": 112, "fields": {"roadmap": 11, "node_level": 3, "product": []}}, {"model": "quiz.roadmapnode", "pk": 113, "fields": {"roadmap": 11, "node_level": 2, "product": []}}, {"model": "quiz.roadmapnode", "pk": 114, "fields": {"roadmap": 11, "node_level": 1, "product": []}}, {"model": "quiz.roadmapnode", "pk": 115, "fields": {"roadmap": 12, "node_level": 4, "product": []}}, {"model": "quiz.roadmapnode", "pk": 116, "fields": {"roadmap": 12, "node_level": 1, "product": []}}, {"model": "quiz.roadmapnode", "pk": 117, "fields": {"roadmap": 12, "node_level": 3, "product": []}}, {"model": "quiz.roadmapnode", "pk": 118, "fields": {"roadmap": 12, "node_level": 4, "product": []}}, {"model": "quiz.roadmapnode", "pk": 119, "fields": {"roadmap": 12, "node_level": 5, "product": []}}, {"model": "quiz.roadmapnode", "pk": 120, "fields": {"roadmap": 12, "node_level": 1, "product": []}}, {"model": "quiz.roadmapnode", "pk": 121, "fields": {"roadmap": 12, "node_level": 3, "product": []}}, {"model": "quiz.roadmapnode", "pk": 122, "fields": {"roadmap": 12, "node_level": 1, "product": []}}, {"model": "quiz.roadmapnode", "pk": 123, "fields": {"roadmap": 12, "node_level": 4, "product": []}}, {"model": "quiz.roadmapnode", "pk": 124, "fields": {"roadmap": 12, "node_level": 5, "product": []}}, {"model": "quiz.roadmapnode", "pk": 125, "fields": {"roadmap": 24, "node_level": 4, "product": [4]}}, {"model": "quiz.roadmapnode", "pk": 126, "fields": {"roadmap": 24, "node_level": 1, "product": [27]}}, {"model": "quiz.roadmapnode", "pk": 127, "fields": {"roadmap": 24, "node_level": 3, "product": [28]}}, {"model": "quiz.roadmapnode", "pk": 128, "fields": {"roadmap": 24, "node_level": 4, "product": [29]}}, {"model": "quiz.roadmapnode", "pk": 129, "fields": {"roadmap": 24, "node_level": 5, "product": [31]}}, {"model": "quiz.roadmapnode", "pk": 130, "fields": {"roadmap": 24, "node_level": 1, "product": [32]}}, {"model": "quiz.roadmapnode", "pk": 131, "fields": {"roadmap": 24, "node_level": 3, "product": [71]}}, {"model": "quiz.roadmapnode", "pk": 132, "fields": {"roadmap": 24, "node_level": 3, "product": [121]}}, {"model": "quiz.roadmapnode", "pk": 133, "fields": {"roadmap": 24, "node_level": 1, "product": [118]}}, {"model": "quiz.roadmapnode", "pk": 134, "fields": {"roadmap": 24, "node_level": 4, "product": [117]}}, {"model": "quiz.roadmapnode", "pk": 135, "fields": {"roadmap": 24, "node_level": 1, "product": [113]}}, {"model": "quiz.roadmapnode", "pk": 136, "fields": {"roadmap": 24, "node_level": 1, "product": [112]}}, {"model": "quiz.roadmapnode", "pk": 137, "fields": {"roadmap": 24, "node_level": 2, "product": [130]}}, {"model": "quiz.roadmapnode", "pk": 138, "fields": {"roadmap": 24, "node_level": 3, "product": [159]}}, {"model": "quiz.roadmapnode", "pk": 139, "fields": {"roadmap": 24, "node_level": 3, "product": [156]}}, {"model": "quiz.roadmapnode", "pk": 140, "fields": {"roadmap": 24, "node_level": 4, "product": [181]}}, {"model": "quiz.roadmapnode", "pk": 141, "fields": {"roadmap": 24, "node_level": 2, "product": [190]}}, {"model": "quiz.roadmapnode", "pk": 142, "fields": {"roadmap": 24, "node_level": 2, "product": [187]}}, {"model": "quiz.roadmapnode", "pk": 143, "fields": {"roadmap": 24, "node_level": 2, "product": [192]}}, {"model": "quiz.roadmapnode", "pk": 144, "fields": {"roadmap": 24, "node_level": 1, "product": [120]}}, {"model": "quiz.roadmapnode", "pk": 145, "fields": {"roadmap": 24, "node_level": 2, "product": [191]}}, {"model": "quiz.roadmapnode", "pk": 146, "fields": {"roadmap": 24, "node_level": 2, "product": [189]}}, {"model": "quiz.roadmapnode", "pk": 147, "fields": {"roadmap": 24, "node_level": 4, "product": [179]}}, {"model": "quiz.roadmapnode", "pk": 148, "fields": {"roadmap": 24, "node_level": 3, "product": [115]}}, {"model": "quiz.roadmapnode", "pk": 149, "fields": {"roadmap": 24, "node_level": 5, "product": [99]}}, {"model": "quiz.roadmapnode", "pk": 150, "fields": {"roadmap": 24, "node_level": 4, "product": [88]}}, {"model": "quiz.roadmapnode", "pk": 151, "fields": {"roadmap": 24, "node_level": 1, "product": [207]}}, {"model": "quiz.roadmapnode", "pk": 152, "fields": {"roadmap": 24, "node_level": 1, "product": [72]}}, {"model": "quiz.roadmapnode", "pk": 153, "fields": {"roadmap": 25, "node_level": 1, "product": [110]}}, {"model": "quiz.roadmapnode", "pk": 154, "fields": {"roadmap": 27, "node_level": 1, "product": [110]}}, {"model": "quiz.roadmapnode", "pk": 155, "fields": {"roadmap": 30, "node_level": 4, "product": [4]}}, {"model": "quiz.roadmapnode", "pk": 156, "fields": {"roadmap": 31, "node_level": 3, "product": [39]}}, {"model": "quiz.roadmapnode", "pk": 157, "fields": {"roadmap": 31, "node_level": 2, "product": [41]}}, {"model": "quiz.roadmapnode", "pk": 158, "fields": {"roadmap": 31, "node_level": 1, "product": [60]}}, {"model": "quiz.roadmapnode", "pk": 159, "fields": {"roadmap": 31, "node_level": 1, "product": [110]}}, {"model": "quiz.roadmapnode", "pk": 160, "fields": {"roadmap": 31, "node_level": 4, "product": [145]}}, {"model": "quiz.roadmapnode", "pk": 161, "fields": {"roadmap": 32, "node_level": 4, "product": [4]}}, {"model": "quiz.roadmapnode", "pk": 162, "fields": {"roadmap": 32, "node_level": 1, "product": [27]}}, {"model": "quiz.roadmapnode", "pk": 163, "fields": {"roadmap": 32, "node_level": 3, "product": [28]}}, {"model": "quiz.roadmapnode", "pk": 164, "fields": {"roadmap": 32, "node_level": 4, "product": [29]}}, {"model": "quiz.roadmapnode", "pk": 165, "fields": {"roadmap": 32, "node_level": 5, "product": [31]}}, {"model": "quiz.roadmapnode", "pk": 166, "fields": {"roadmap": 32, "node_level": 1, "product": [32]}}, {"model": "quiz.roadmapnode", "pk": 167, "fields": {"roadmap": 32, "node_level": 3, "product": [71]}}, {"model": "quiz.roadmapnode", "pk": 168, "fields": {"roadmap": 32, "node_level": 3, "product": [121]}}, {"model": "quiz.roadmapnode", "pk": 169, "fields": {"roadmap": 32, "node_level": 1, "product": [118]}}, {"model": "quiz.roadmapnode", "pk": 170, "fields": {"roadmap": 32, "node_level": 4, "product": [117]}}, {"model": "quiz.roadmapnode", "pk": 171, "fields": {"roadmap": 32, "node_level": 1, "product": [113]}}, {"model": "quiz.roadmapnode", "pk": 172, "fields": {"roadmap": 32, "node_level": 1, "product": [112]}}, {"model": "quiz.roadmapnode", "pk": 173, "fields": {"roadmap": 32, "node_level": 2, "product": [130]}}, {"model": "quiz.roadmapnode", "pk": 174, "fields": {"roadmap": 32, "node_level": 3, "product": [159]}}, {"model": "quiz.roadmapnode", "pk": 175, "fields": {"roadmap": 32, "node_level": 3, "product": [156]}}, {"model": "quiz.roadmapnode", "pk": 176, "fields": {"roadmap": 32, "node_level": 4, "product": [181]}}, {"model": "quiz.roadmapnode", "pk": 177, "fields": {"roadmap": 32, "node_level": 2, "product": [190]}}, {"model": "quiz.roadmapnode", "pk": 178, "fields": {"roadmap": 32, "node_level": 2, "product": [187]}}, {"model": "quiz.roadmapnode", "pk": 179, "fields": {"roadmap": 32, "node_level": 2, "product": [192]}}, {"model": "quiz.roadmapnode", "pk": 180, "fields": {"roadmap": 32, "node_level": 1, "product": [120]}}, {"model": "quiz.roadmapnode", "pk": 181, "fields": {"roadmap": 32, "node_level": 2, "product": [191]}}, {"model": "quiz.roadmapnode", "pk": 182, "fields": {"roadmap": 32, "node_level": 2, "product": [189]}}, {"model": "quiz.roadmapnode", "pk": 183, "fields": {"roadmap": 32, "node_level": 4, "product": [179]}}, {"model": "quiz.roadmapnode", "pk": 184, "fields": {"roadmap": 32, "node_level": 3, "product": [115]}}, {"model": "quiz.roadmapnode", "pk": 185, "fields": {"roadmap": 32, "node_level": 5, "product": [99]}}, {"model": "quiz.roadmapnode", "pk": 186, "fields": {"roadmap": 32, "node_level": 4, "product": [88]}}, {"model": "quiz.roadmapnode", "pk": 187, "fields": {"roadmap": 32, "node_level": 1, "product": [207]}}, {"model": "quiz.roadmapnode", "pk": 188, "fields": {"roadmap": 32, "node_level": 1, "product": [72]}}, {"model": "quiz.roadmapnode", "pk": 189, "fields": {"roadmap": 33, "node_level": 4, "product": [4]}}, {"model": "quiz.roadmapnode", "pk": 190, "fields": {"roadmap": 33, "node_level": 1, "product": [27]}}, {"model": "quiz.roadmapnode", "pk": 191, "fields": {"roadmap": 33, "node_level": 3, "product": [28]}}, {"model": "quiz.roadmapnode", "pk": 192, "fields": {"roadmap": 33, "node_level": 4, "product": [29]}}, {"model": "quiz.roadmapnode", "pk": 193, "fields": {"roadmap": 33, "node_level": 5, "product": [31]}}, {"model": "quiz.roadmapnode", "pk": 194, "fields": {"roadmap": 33, "node_level": 1, "product": [32]}}, {"model": "quiz.roadmapnode", "pk": 195, "fields": {"roadmap": 33, "node_level": 3, "product": [71]}}, {"model": "quiz.roadmapnode", "pk": 196, "fields": {"roadmap": 33, "node_level": 1, "product": [118]}}, {"model": "quiz.roadmapnode", "pk": 197, "fields": {"roadmap": 33, "node_level": 4, "product": [117]}}, {"model": "quiz.roadmapnode", "pk": 198, "fields": {"roadmap": 33, "node_level": 2, "product": [187]}}, {"model": "quiz.roadmapnode", "pk": 199, "fields": {"roadmap": 33, "node_level": 3, "product": [115]}}, {"model": "quiz.roadmapnode", "pk": 200, "fields": {"roadmap": 33, "node_level": 5, "product": [99]}}, {"model": "quiz.roadmapnode", "pk": 201, "fields": {"roadmap": 33, "node_level": 4, "product": [88]}}, {"model": "quiz.roadmapnode", "pk": 202, "fields": {"roadmap": 33, "node_level": 1, "product": [207]}}, {"model": "quiz.roadmapnode", "pk": 203, "fields": {"roadmap": 33, "node_level": 1, "product": [72]}}, {"model": "quiz.roadmapnode", "pk": 204, "fields": {"roadmap": 34, "node_level": 3, "product": [156]}}, {"model": "quiz.roadmapnode", "pk": 205, "fields": {"roadmap": 41, "node_level": 4, "product": [4]}}, {"model": "quiz.roadmapnode", "pk": 206, "fields": {"roadmap": 41, "node_level": 1, "product": [27]}}, {"model": "quiz.roadmapnode", "pk": 207, "fields": {"roadmap": 41, "node_level": 3, "product": [28]}}, {"model": "quiz.roadmapnode", "pk": 208, "fields": {"roadmap": 41, "node_level": 4, "product": [29]}}, {"model": "quiz.roadmapnode", "pk": 209, "fields": {"roadmap": 41, "node_level": 5, "product": [31]}}, {"model": "quiz.roadmapnode", "pk": 210, "fields": {"roadmap": 41, "node_level": 1, "product": [32]}}, {"model": "quiz.roadmapnode", "pk": 211, "fields": {"roadmap": 41, "node_level": 3, "product": [71]}}, {"model": "quiz.roadmapnode", "pk": 212, "fields": {"roadmap": 41, "node_level": 1, "product": [118]}}, {"model": "quiz.roadmapnode", "pk": 213, "fields": {"roadmap": 41, "node_level": 4, "product": [117]}}, {"model": "quiz.roadmapnode", "pk": 214, "fields": {"roadmap": 41, "node_level": 2, "product": [187]}}, {"model": "quiz.roadmapnode", "pk": 215, "fields": {"roadmap": 41, "node_level": 3, "product": [115]}}, {"model": "quiz.roadmapnode", "pk": 216, "fields": {"roadmap": 41, "node_level": 5, "product": [99]}}, {"model": "quiz.roadmapnode", "pk": 217, "fields": {"roadmap": 41, "node_level": 4, "product": [88]}}, {"model": "quiz.roadmapnode", "pk": 218, "fields": {"roadmap": 41, "node_level": 1, "product": [207]}}, {"model": "quiz.roadmapnode", "pk": 219, "fields": {"roadmap": 41, "node_level": 1, "product": [72]}}, {"model": "quiz.objectcount", "pk": 1, "fields": {"object_count": 1}}, {"model": "quiz.objectcount", "pk": 2, "fields": {"object_count": 0}}, {"model": "quiz.objectcount", "pk": 3, "fields": {"object_count": 0}}, {"model": "quiz.objectcount", "pk": 4, "fields": {"object_count": 1}}, {"model": "quiz.objectcount", "pk": 5, "fields": {"object_count": 0}}, {"model": "quiz.objectcount", "pk": 6, "fields": {"object_count": 1}}, {"model": "quiz.objectcount", "pk": 7, "fields": {"object_count": 1}}, {"model": "quiz.objectcount", "pk": 8, "fields": {"object_count": 0}}, {"model": "quiz.objectcount", "pk": 9, "fields": {"object_count": 0}}, {"model": "quiz.objectcount", "pk": 10, "fields": {"object_count": 0}}, {"model": "quiz.objectcount", "pk": 11, "fields": {"object_count": 0}}, {"model": "quiz.objectcount", "pk": 12, "fields": {"object_count": 0}}, {"model": "quiz.objectcount", "pk": 13, "fields": {"object_count": 0}}, {"model": "quiz.objectcount", "pk": 14, "fields": {"object_count": 0}}, {"model": "quiz.objectcount", "pk": 15, "fields": {"object_count": 1}}]