[{"model": "quiz.quiz", "pk": 1, "fields": {"name": "Тест 1", "quiz_theme": "Тест 2"}}, {"model": "quiz.question", "pk": 2, "fields": {"text": "Оцените свой уровень знаний в этой области?", "quiz": 1, "question_type": "Level Question"}}, {"model": "quiz.question", "pk": 3, "fields": {"text": "Предпочитаемый язык книги", "quiz": 1, "question_type": "Language Question"}}, {"model": "quiz.question", "pk": 4, "fields": {"text": "Желаемая цена", "quiz": 1, "question_type": "Price Question"}}, {"model": "quiz.question", "pk": 5, "fields": {"text": "Вас интересует бумажная версия (книги только на русском языке)?", "quiz": 1, "question_type": "Other"}}, {"model": "quiz.question", "pk": 6, "fields": {"text": "Сталкивались ли вы ранее с программированием? Один вариант ответа.", "quiz": 1, "question_type": "Programmed Before"}}, {"model": "quiz.question", "pk": 10, "fields": {"text": "Какой языки программирования (запросов, разметки или стилей) вам наиболее интересен?", "quiz": 1, "question_type": "Programming Language Question"}}, {"model": "quiz.question", "pk": 11, "fields": {"text": "Оцените ваш уровень знаний в выбранном ранее языке программирования, по представленной шкале измерения от 1 до 5 (где 1 означает – совсем нет знаний, а 5 – профессиональные знания)", "quiz": 1, "question_type": "Theme Question"}}, {"model": "quiz.question", "pk": 12, "fields": {"text": "Наиболее интересующая вас тема или аспект языков программирования?", "quiz": 1, "question_type": "Theme Question"}}, {"model": "quiz.question", "pk": 13, "fields": {"text": "Каким навыком из сферы компьютерной грамотности и IT вы владеете?", "quiz": 1, "question_type": "Theme Question"}}, {"model": "quiz.question", "pk": 14, "fields": {"text": "Сфера интересов (интересующая вас тема?)", "quiz": 1, "question_type": "Theme Question"}}, {"model": "quiz.answer", "pk": 3, "fields": {"text": "Новичок (только начинаю знакомство с этим);", "question": 2, "answer_value": 1}}, {"model": "quiz.answer", "pk": 4, "fields": {"text": "Средний (есть базовые знания, но хотелось бы их расширить);", "question": 2, "answer_value": 2}}, {"model": "quiz.answer", "pk": 5, "fields": {"text": "Профессионал (обладаю продвинутыми знаниями)", "question": 2, "answer_value": 3}}, {"model": "quiz.answer", "pk": 6, "fields": {"text": "Русский", "question": 3, "answer_value": 1}}, {"model": "quiz.answer", "pk": 7, "fields": {"text": "Английский", "question": 3, "answer_value": 2}}, {"model": "quiz.answer", "pk": 12, "fields": {"text": "Да", "question": 5, "answer_value": 0}}, {"model": "quiz.answer", "pk": 13, "fields": {"text": "Нет", "question": 5, "answer_value": 1}}, {"model": "quiz.answer", "pk": 14, "fields": {"text": "До 500 руб;", "question": 4, "answer_value": 500}}, {"model": "quiz.answer", "pk": 15, "fields": {"text": "До 1000 руб;", "question": 4, "answer_value": 1000}}, {"model": "quiz.answer", "pk": 16, "fields": {"text": "До 2000 руб;", "question": 4, "answer_value": 2000}}, {"model": "quiz.answer", "pk": 17, "fields": {"text": "От 2000 руб;", "question": 4, "answer_value": 100000}}, {"model": "quiz.answer", "pk": 18, "fields": {"text": "Да", "question": 6, "answer_value": 0}}, {"model": "quiz.answer", "pk": 19, "fields": {"text": "Нет", "question": 6, "answer_value": 1}}, {"model": "quiz.answer", "pk": 23, "fields": {"text": "JavaScript", "question": 10, "answer_value": "JavaScript"}}, {"model": "quiz.answer", "pk": 24, "fields": {"text": "HTML - CSS", "question": 10, "answer_value": "HTMLCSS"}}, {"model": "quiz.answer", "pk": 26, "fields": {"text": "Python", "question": 10, "answer_value": "Python"}}, {"model": "quiz.answer", "pk": 27, "fields": {"text": "Java", "question": 10, "answer_value": "Java"}}, {"model": "quiz.answer", "pk": 28, "fields": {"text": "TypeScript", "question": 10, "answer_value": "TypeScript"}}, {"model": "quiz.answer", "pk": 29, "fields": {"text": "C#", "question": 10, "answer_value": "C#"}}, {"model": "quiz.answer", "pk": 30, "fields": {"text": "PHP", "question": 10, "answer_value": "PHP"}}, {"model": "quiz.answer", "pk": 31, "fields": {"text": "C/C++", "question": 10, "answer_value": "C/C++"}}, {"model": "quiz.answer", "pk": 32, "fields": {"text": "SQL", "question": 10, "answer_value": "SQL"}}, {"model": "quiz.answer", "pk": 33, "fields": {"text": "Assembler", "question": 10, "answer_value": "Assembler"}}, {"model": "quiz.answer", "pk": 34, "fields": {"text": "Bash/Powershell", "question": 10, "answer_value": "Bash/Powershell"}}, {"model": "quiz.answer", "pk": 35, "fields": {"text": "1", "question": 11, "answer_value": 1}}, {"model": "quiz.answer", "pk": 36, "fields": {"text": "2", "question": 11, "answer_value": 2}}, {"model": "quiz.answer", "pk": 37, "fields": {"text": "3", "question": 11, "answer_value": 3}}, {"model": "quiz.answer", "pk": 38, "fields": {"text": "4", "question": 11, "answer_value": 4}}, {"model": "quiz.answer", "pk": 39, "fields": {"text": "5", "question": 11, "answer_value": 5}}, {"model": "quiz.answer", "pk": 40, "fields": {"text": "Алгоритмы и структуры данных;", "question": 12, "answer_value": 1}}, {"model": "quiz.answer", "pk": 41, "fields": {"text": "Библиотеки и фреймворки;", "question": 12, "answer_value": 2}}, {"model": "quiz.answer", "pk": 42, "fields": {"text": "Синтаксис и семантика;", "question": 12, "answer_value": 3}}, {"model": "quiz.answer", "pk": 43, "fields": {"text": "Парадигмы программирования;", "question": 12, "answer_value": 4}}, {"model": "quiz.answer", "pk": 44, "fields": {"text": "Отладка и тестирование;", "question": 12, "answer_value": 5}}, {"model": "quiz.answer", "pk": 45, "fields": {"text": "Развертывание и поддержка;", "question": 12, "answer_value": 6}}, {"model": "quiz.answer", "pk": 46, "fields": {"text": "Производительность и оптимизация;", "question": 12, "answer_value": 7}}, {"model": "quiz.answer", "pk": 47, "fields": {"text": "Операционные системы;", "question": 13, "answer_value": 1}}, {"model": "quiz.answer", "pk": 48, "fields": {"text": "Офисные приложения (MS Office);", "question": 13, "answer_value": 2}}, {"model": "quiz.answer", "pk": 49, "fields": {"text": "Интернет-браузеры;", "question": 13, "answer_value": 3}}, {"model": "quiz.answer", "pk": 50, "fields": {"text": "Электронная почта;", "question": 13, "answer_value": 4}}, {"model": "quiz.answer", "pk": 51, "fields": {"text": "Мультимедийные программы;", "question": 13, "answer_value": 5}}, {"model": "quiz.answer", "pk": 52, "fields": {"text": "Безопасность;", "question": 13, "answer_value": 6}}, {"model": "quiz.answer", "pk": 53, "fields": {"text": "Утилиты;", "question": 13, "answer_value": 7}}, {"model": "quiz.answer", "pk": 54, "fields": {"text": "Аналитика", "question": 14, "answer_value": "analytics"}}, {"model": "quiz.answer", "pk": 55, "fields": {"text": "Фронтенд", "question": 14, "answer_value": "frontend"}}, {"model": "quiz.answer", "pk": 56, "fields": {"text": "Бэкенд", "question": 14, "answer_value": "backend"}}, {"model": "quiz.answer", "pk": 57, "fields": {"text": "Дизайн", "question": 14, "answer_value": "design"}}, {"model": "quiz.answer", "pk": 58, "fields": {"text": "Геймдев", "question": 14, "answer_value": "gamedev"}}, {"model": "quiz.answer", "pk": 59, "fields": {"text": "Исскуственный интеллект (AI)", "question": 14, "answer_value": "ai"}}, {"model": "quiz.answer", "pk": 60, "fields": {"text": "Наука о данных (Data Science)", "question": 14, "answer_value": "data"}}, {"model": "quiz.answer", "pk": 61, "fields": {"text": "DevOps", "question": 14, "answer_value": "devops"}}, {"model": "quiz.answer", "pk": 62, "fields": {"text": "Тестирование (QA – контроль качества программного обеспечения)", "question": 14, "answer_value": "qa"}}, {"model": "quiz.answer", "pk": 63, "fields": {"text": "Компьютерные науки (Computer Science)", "question": 14, "answer_value": "CS"}}, {"model": "quiz.answer", "pk": 64, "fields": {"text": "Другое", "question": 14, "answer_value": "OT"}}, {"model": "quiz.result", "pk": 1, "fields": {"theme": "", "level": "1", "language": "", "price": "", "quiz": 1}}, {"model": "quiz.result", "pk": 2, "fields": {"theme": "0", "level": "1", "language": "1", "price": "0", "quiz": 1}}, {"model": "quiz.result", "pk": 3, "fields": {"theme": "0", "level": "1", "language": "1", "price": "1000", "quiz": 1}}]